case_id,cancer_type,gene,variant,expected_cancer_type,expected_gene,expected_variant,difficulty,notes,expected_review_status
case_001,NSCLC,EGFR,Ex19del,Non-Small Cell Lung Cancer,EGFR,EGFR Exon 19 Deletion,EASY,Common NSCLC driver,AUTO_RECONCILE
case_002,LUAD,EGFR,T790M,Lung Adenocarcinoma,EGFR,EGFR p.T790M,EASY,Resistance mutation,AUTO_RECONCILE
case_003,Non-Small Cell Lung Cancer,KRAS,G12C,Non-Small Cell Lung Cancer,KRAS,KRAS p.G12C,EASY,Common KRAS alteration,AUTO_RECONCILE
case_004,NSCLC,ALK,Fusion,Non-Small Cell Lung Cancer,ALK,ALK Fusion,EASY,Common fusion class,AUTO_RECONCILE
case_005,Lung Adenocarcinoma,MET,Exon 14 Skipping,Lung Adenocarcinoma,MET,MET Exon 14 Skipping,EASY,Splice alteration,AUTO_RECONCILE
case_006,NSCLC,HER2,Amplification,Non-Small Cell Lung Cancer,ERBB2,ERBB2 Amplification,EASY,Gene alias,AUTO_RECONCILE
case_007,NSCLC,HER-2,amp,Non-Small Cell Lung Cancer,ERBB2,ERBB2 Amplification,MEDIUM,Gene and variant alias,AUTO_RECONCILE
case_008,LUAD,p53,R175H,Lung Adenocarcinoma,TP53,TP53 p.R175H,MEDIUM,Gene alias and protein shorthand,AUTO_RECONCILE
case_009,NSCLC,ERBB2,exon20ins,Non-Small Cell Lung Cancer,ERBB2,ERBB2 Exon 20 Insertion,MEDIUM,Variant shorthand,AUTO_RECONCILE
case_010,NSCLC,EGFR,L858R,Non-Small Cell Lung Cancer,EGFR,EGFR p.L858R,EASY,Common activating mutation,AUTO_RECONCILE
case_011,NSCLC,ROS1,rearrangement,Non-Small Cell Lung Cancer,ROS1,ROS1 Fusion,MEDIUM,Synonym to fusion,AUTO_RECONCILE
case_012,NSCLC,RET,fusion,Non-Small Cell Lung Cancer,RET,RET Fusion,EASY,Fusion class,AUTO_RECONCILE
case_013,LUAD,BRAF,V600E,Lung Adenocarcinoma,BRAF,BRAF p.V600E,EASY,Canonical shorthand,AUTO_RECONCILE
case_014,NSCLC,NTRK,pan-trk fusion,Non-Small Cell Lung Cancer,NTRK,NTRK Fusion,DIFFICULT,Gene family ambiguity,REVIEW_REQUIRED
case_015,NSCLC,EGFR,del19,Non-Small Cell Lung Cancer,EGFR,EGFR Exon 19 Deletion,MEDIUM,Synonym,AUTO_RECONCILE
case_016,NSCLC,EGFR,E746_A750del,Non-Small Cell Lung Cancer,EGFR,EGFR p.E746_A750del,MEDIUM,Protein deletion,AUTO_RECONCILE
case_017,NSCLC,PIK3CA,E545K,Non-Small Cell Lung Cancer,PIK3CA,PIK3CA p.E545K,EASY,Known hotspot,AUTO_RECONCILE
case_018,NSCLC,unknown_gene,G12C,Non-Small Cell Lung Cancer,,,"DIFFICULT",Cannot reconcile gene,CANNOT_RECONCILE
case_019,NSCLC,ALK,positive,Non-Small Cell Lung Cancer,ALK,ALK Alteration,DIFFICULT,Ambiguous positivity,REVIEW_REQUIRED
case_020,lung cancer,HER2,copy gain,Non-Small Cell Lung Cancer,ERBB2,ERBB2 Copy Number Gain,DIFFICULT,Ambiguous cancer type and variant,REVIEW_REQUIRED
